{
  "base_avg_score_diff": 0.0,
  "tuned_avg_score_diff": 0.06666666666666667,
  "improvement": 0.06666666666666667,
  "num_examples": 15
}